iter	MultiClass
0	0.8756661378
1	0.7269417506
